id,inventory_category_id,updated_by,building,room,quantity,discard_date,created_at,updated_at,
1,1,palma,WWH,820,NULL,NULL,2013-06-20 0:36:35,2013-06-20 0:36:35,
2,1,palma,WWH,822,NULL,NULL,2013-06-20 0:36:35,2013-06-20 0:36:35,
3,1,palma,WWH,826,NULL,NULL,2013-06-20 0:36:35,2013-06-20 0:36:35,
4,2,tsadok,WWH,1019,NULL,NULL,2013-06-20 0:36:35,2013-06-20 0:36:35,
5,2,kp1120,WWH,1111,NULL,NULL,2013-06-20 0:36:35,2013-06-20 0:36:35,
6,2,kp1120,WWH,402,NULL,NULL,2013-06-20 0:36:35,2013-06-20 0:36:35,
7,2,kp1120,WWH,530,NULL,NULL,2013-06-20 0:36:35,2013-06-20 0:36:35,
8,2,mward,WWH,308,NULL,NULL,2013-06-20 0:36:35,2013-06-20 0:36:35,
9,2,mward,WWH,705,NULL,NULL,2013-06-20 0:36:35,2013-06-20 0:36:35,
10,2,mward,WWH,408,NULL,NULL,2013-06-20 0:36:35,2013-06-20 0:36:35,
11,2,mward,WWH,411,NULL,NULL,2013-06-20 0:36:35,2013-06-20 0:36:35,
12,2,mward,WWH,704,NULL,NULL,2013-06-20 0:36:35,2013-06-20 0:36:35,
13,2,mward,WWH,409,NULL,NULL,2013-06-20 0:36:35,2013-06-20 0:36:35,
14,2,mward,WWH,1207,NULL,NULL,2013-06-20 0:36:35,2013-06-20 0:36:35,
15,2,mward,WWH,706,NULL,NULL,2013-06-20 0:36:35,2013-06-20 0:36:35,
16,2,mward,WWH,1206,NULL,NULL,2013-06-20 0:36:35,2013-06-20 0:36:35,
17,3,acase,WWH,1006,NULL,NULL,2013-06-20 0:36:35,2013-06-20 0:36:35,
18,4,palma,WWH,102,NULL,NULL,2013-06-20 0:36:36,2013-06-20 0:36:36,
19,4,els308,WWH,103,NULL,NULL,2013-06-20 0:36:36,2013-06-20 0:36:36,
20,4,mgg272,WWH,109,NULL,NULL,2013-06-20 0:36:36,2013-06-20 0:36:36,
21,4,rer264,WWH,229,NULL,NULL,2013-06-20 0:36:36,2013-06-20 0:36:36,
22,4,rer264,WWH,229,NULL,NULL,2013-06-20 0:36:36,2013-06-20 0:36:36,
23,4,rer264,WWH,229,NULL,NULL,2013-06-20 0:36:36,2013-06-20 0:36:36,
24,4,rer264,WWH,229,NULL,NULL,2013-06-20 0:36:36,2013-06-20 0:36:36,
25,4,rer264,WWH,229,NULL,NULL,2013-06-20 0:36:36,2013-06-20 0:36:36,
26,4,rer264,WWH,229,NULL,NULL,2013-06-20 0:36:36,2013-06-20 0:36:36,
27,4,rer264,WWH,229,NULL,NULL,2013-06-20 0:36:36,2013-06-20 0:36:36,
28,4,rer264,WWH,229,NULL,NULL,2013-06-20 0:36:36,2013-06-20 0:36:36,
29,4,rer264,WWH,229,NULL,NULL,2013-06-20 0:36:36,2013-06-20 0:36:36,
30,4,rer264,WWH,229,NULL,NULL,2013-06-20 0:36:36,2013-06-20 0:36:36,
31,4,rer264,WWH,229,NULL,NULL,2013-06-20 0:36:36,2013-06-20 0:36:36,
32,4,rer264,WWH,229,NULL,NULL,2013-06-20 0:36:36,2013-06-20 0:36:36,
33,4,rer264,WWH,229,NULL,NULL,2013-06-20 0:36:36,2013-06-20 0:36:36,
34,4,rer264,WWH,229,NULL,NULL,2013-06-20 0:36:36,2013-06-20 0:36:36,
35,4,rer264,WWH,229,NULL,NULL,2013-06-20 0:36:36,2013-06-20 0:36:36,
36,4,rer264,WWH,229,NULL,NULL,2013-06-20 0:36:36,2013-06-20 0:36:36,
37,4,rer264,WWH,229,NULL,NULL,2013-06-20 0:36:36,2013-06-20 0:36:36,
38,4,rer264,WWH,230,NULL,NULL,2013-06-20 0:36:36,2013-06-20 0:36:36,
39,4,rer264,WWH,230,NULL,NULL,2013-06-20 0:36:36,2013-06-20 0:36:36,
40,4,rer264,WWH,230,NULL,NULL,2013-06-20 0:36:36,2013-06-20 0:36:36,
41,4,rer264,WWH,230,NULL,NULL,2013-06-20 0:36:36,2013-06-20 0:36:36,
42,4,rer264,WWH,230,NULL,NULL,2013-06-20 0:36:36,2013-06-20 0:36:36,
43,4,rer264,WWH,230,NULL,NULL,2013-06-20 0:36:36,2013-06-20 0:36:36,
44,4,rer264,WWH,230,NULL,NULL,2013-06-20 0:36:36,2013-06-20 0:36:36,
45,4,rer264,WWH,230,NULL,NULL,2013-06-20 0:36:36,2013-06-20 0:36:36,
46,4,rer264,WWH,230,NULL,NULL,2013-06-20 0:36:36,2013-06-20 0:36:36,
47,4,rer264,WWH,230,NULL,NULL,2013-06-20 0:36:36,2013-06-20 0:36:36,
48,4,rer264,WWH,230,NULL,NULL,2013-06-20 0:36:37,2013-06-20 0:36:37,
49,4,rer264,WWH,230,NULL,NULL,2013-06-20 0:36:37,2013-06-20 0:36:37,
50,4,rer264,WWH,230,NULL,NULL,2013-06-20 0:36:37,2013-06-20 0:36:37,
51,4,rer264,WWH,230,NULL,NULL,2013-06-20 0:36:37,2013-06-20 0:36:37,
52,4,rer264,WWH,230,NULL,NULL,2013-06-20 0:36:37,2013-06-20 0:36:37,
53,4,rer264,WWH,230,NULL,NULL,2013-06-20 0:36:37,2013-06-20 0:36:37,
54,4,jar730,WWH,301,NULL,NULL,2013-06-20 0:36:37,2013-06-20 0:36:37,
55,4,mgg272,WWH,301,NULL,NULL,2013-06-20 0:36:37,2013-06-20 0:36:37,
56,4,sc3104,WWH,302,NULL,NULL,2013-06-20 0:36:37,2013-06-20 0:36:37,
57,4,mes29,WWH,302,NULL,NULL,2013-06-20 0:36:37,2013-06-20 0:36:37,
58,4,mes29,WWH,417,NULL,NULL,2013-06-20 0:36:37,2013-06-20 0:36:37,
59,4,mes29,WWH,304,NULL,NULL,2013-06-20 0:36:37,2013-06-20 0:36:37,
60,4,mgg272,WWH,304,NULL,NULL,2013-06-20 0:36:37,2013-06-20 0:36:37,
61,4,palma,WWH,306,NULL,NULL,2013-06-20 0:36:37,2013-06-20 0:36:37,
62,4,mrw273,WWH,308,NULL,NULL,2013-06-20 0:36:37,2013-06-20 0:36:37,
63,4,mrw273,WWH,309,NULL,NULL,2013-06-20 0:36:37,2013-06-20 0:36:37,
64,4,jar730,WWH,310,NULL,NULL,2013-06-20 0:36:37,2013-06-20 0:36:37,
65,4,mes29,WWH,310,NULL,NULL,2013-06-20 0:36:37,2013-06-20 0:36:37,
66,4,jar730,WWH,311,NULL,NULL,2013-06-20 0:36:37,2013-06-20 0:36:37,
67,4,jar730,WWH,311,NULL,NULL,2013-06-20 0:36:37,2013-06-20 0:36:37,
68,4,jar730,WWH,311,NULL,NULL,2013-06-20 0:36:37,2013-06-20 0:36:37,
69,4,rer264,WWH,311,NULL,NULL,2013-06-20 0:36:37,2013-06-20 0:36:37,
70,4,rer264,WWH,319,NULL,NULL,2013-06-20 0:36:37,2013-06-20 0:36:37,
71,4,TDW236,WWH,319,NULL,NULL,2013-06-20 0:36:37,2013-06-20 0:36:37,
72,4,mrw273,WWH,319,NULL,NULL,2013-06-20 0:36:37,2013-06-20 0:36:37,
73,4,aab559,WWH,1015,NULL,NULL,2013-06-20 0:36:37,2013-06-20 0:36:37,
74,4,mes29,WWH,321,NULL,NULL,2013-06-20 0:36:37,2013-06-20 0:36:37,
75,4,mrw273,WWH,321,NULL,NULL,2013-06-20 0:36:37,2013-06-20 0:36:37,
76,4,mes29,WWH,321,NULL,NULL,2013-06-20 0:36:37,2013-06-20 0:36:37,
77,4,mes29,WWH,322,NULL,NULL,2013-06-20 0:36:37,2013-06-20 0:36:37,
78,4,mrw273,WWH,322,NULL,NULL,2013-06-20 0:36:37,2013-06-20 0:36:37,
79,4,nc771,WWH,322,NULL,NULL,2013-06-20 0:36:37,2013-06-20 0:36:37,
80,4,palma,WWH,323,NULL,NULL,2013-06-20 0:36:37,2013-06-20 0:36:37,
81,4,palma,WWH,324,NULL,NULL,2013-06-20 0:36:37,2013-06-20 0:36:37,
82,4,mes29,WWH,325,NULL,NULL,2013-06-20 0:36:38,2013-06-20 0:36:38,
83,4,nc771,WWH,326,NULL,NULL,2013-06-20 0:36:38,2013-06-20 0:36:38,
84,4,palma,WWH,326,NULL,NULL,2013-06-20 0:36:38,2013-06-20 0:36:38,
85,4,rer264,WWH,327,NULL,NULL,2013-06-20 0:36:38,2013-06-20 0:36:38,
86,4,tdw236,WWH,328,NULL,NULL,2013-06-20 0:36:38,2013-06-20 0:36:38,
87,4,tdw236,WWH,328,NULL,NULL,2013-06-20 0:36:38,2013-06-20 0:36:38,
88,4,mes29,WWH,329,NULL,NULL,2013-06-20 0:36:38,2013-06-20 0:36:38,
89,4,jar730,WWH,330,NULL,NULL,2013-06-20 0:36:38,2013-06-20 0:36:38,
90,4,mes29,WWH,401,NULL,NULL,2013-06-20 0:36:38,2013-06-20 0:36:38,
91,4,jar730,WWH,403,NULL,NULL,2013-06-20 0:36:38,2013-06-20 0:36:38,
92,4,jar730,WWH,404,NULL,NULL,2013-06-20 0:36:38,2013-06-20 0:36:38,
93,4,jar730,WWH,406,NULL,NULL,2013-06-20 0:36:38,2013-06-20 0:36:38,
94,4,palma,WWH,402,NULL,NULL,2013-06-20 0:36:38,2013-06-20 0:36:38,
95,4,mes29,WWH,408,NULL,NULL,2013-06-20 0:36:38,2013-06-20 0:36:38,
96,4,jar730,WWH,408,NULL,NULL,2013-06-20 0:36:38,2013-06-20 0:36:38,
97,4,sc3104,WWH,409,NULL,NULL,2013-06-20 0:36:38,2013-06-20 0:36:38,
98,4,jar730,WWH,409,NULL,NULL,2013-06-20 0:36:38,2013-06-20 0:36:38,
99,4,jar730,WWH,410,NULL,NULL,2013-06-20 0:36:38,2013-06-20 0:36:38,
100,4,jar730,WWH,410,NULL,NULL,2013-06-20 0:36:38,2013-06-20 0:36:38,
101,4,jar730,WWH,411,NULL,NULL,2013-06-20 0:36:38,2013-06-20 0:36:38,
102,4,mes29,WWH,413,NULL,NULL,2013-06-20 0:36:38,2013-06-20 0:36:38,
103,4,dave,719BW,712,NULL,NULL,2013-06-20 0:36:38,2013-06-20 0:36:38,
104,4,jar730,WWH,419,NULL,NULL,2013-06-20 0:36:38,2013-06-20 0:36:38,
105,4,jar730,WWH,419,NULL,NULL,2013-06-20 0:36:38,2013-06-20 0:36:38,
106,4,mgg272,WWH,419,NULL,NULL,2013-06-20 0:36:38,2013-06-20 0:36:38,
107,4,mes29,WWH,422,NULL,NULL,2013-06-20 0:36:38,2013-06-20 0:36:38,
108,4,mes29,WWH,423,NULL,NULL,2013-06-20 0:36:38,2013-06-20 0:36:38,
109,4,jar730,WWH,424,NULL,NULL,2013-06-20 0:36:38,2013-06-20 0:36:38,
110,4,jar730,WWH,425,NULL,NULL,2013-06-20 0:36:38,2013-06-20 0:36:38,
111,4,jar730,WWH,425,NULL,NULL,2013-06-20 0:36:38,2013-06-20 0:36:38,
112,4,mes29,WWH,426,NULL,NULL,2013-06-20 0:36:38,2013-06-20 0:36:38,
113,4,jar730,WWH,426,NULL,NULL,2013-06-20 0:36:38,2013-06-20 0:36:38,
114,4,bsa247,WWH,426,NULL,NULL,2013-06-20 0:36:38,2013-06-20 0:36:38,
115,4,acase,WWH,?,NULL,NULL,2013-06-20 0:36:39,2013-06-20 0:36:39,
116,4,nc771,WWH,430,NULL,NULL,2013-06-20 0:36:39,2013-06-20 0:36:39,
117,4,yt462,WWH,430,NULL,NULL,2013-06-20 0:36:39,2013-06-20 0:36:39,
118,4,jar730,WWH,504,NULL,NULL,2013-06-20 0:36:39,2013-06-20 0:36:39,
119,4,jar730,WWH,504,NULL,NULL,2013-06-20 0:36:39,2013-06-20 0:36:39,
120,4,jar730,WWH,506,NULL,NULL,2013-06-20 0:36:39,2013-06-20 0:36:39,
121,4,jar730,WWH,506,NULL,NULL,2013-06-20 0:36:39,2013-06-20 0:36:39,
122,4,jar730,WWH,506,NULL,NULL,2013-06-20 0:36:39,2013-06-20 0:36:39,
123,4,dave,WWH,507,NULL,NULL,2013-06-20 0:36:39,2013-06-20 0:36:39,
124,4,tdw236,WWH,508,NULL,NULL,2013-06-20 0:36:39,2013-06-20 0:36:39,
125,4,jar730,WWH,508,NULL,NULL,2013-06-20 0:36:39,2013-06-20 0:36:39,
126,4,jar730,WWH,509,NULL,NULL,2013-06-20 0:36:39,2013-06-20 0:36:39,
127,4,jar730,WWH,510,NULL,NULL,2013-06-20 0:36:39,2013-06-20 0:36:39,
128,4,jar730,WWH,510,NULL,NULL,2013-06-20 0:36:39,2013-06-20 0:36:39,
129,4,jar730,WWH,510,NULL,NULL,2013-06-20 0:36:39,2013-06-20 0:36:39,
130,4,jar730,WWH,511,NULL,NULL,2013-06-20 0:36:39,2013-06-20 0:36:39,
131,4,jar730,WWH,511,NULL,NULL,2013-06-20 0:36:39,2013-06-20 0:36:39,
132,4,jar730,WWH,511,NULL,NULL,2013-06-20 0:36:39,2013-06-20 0:36:39,
133,4,nc771,WWH,518,NULL,NULL,2013-06-20 0:36:39,2013-06-20 0:36:39,
134,4,jar730,WWH,518,NULL,NULL,2013-06-20 0:36:39,2013-06-20 0:36:39,
135,4,nc771,WWH,521,NULL,NULL,2013-06-20 0:36:39,2013-06-20 0:36:39,
136,4,nc771,WWH,521,NULL,NULL,2013-06-20 0:36:39,2013-06-20 0:36:39,
137,4,jar730,WWH,523,NULL,NULL,2013-06-20 0:36:39,2013-06-20 0:36:39,
138,4,jar730,WWH,525,NULL,NULL,2013-06-20 0:36:39,2013-06-20 0:36:39,
139,4,jar730,WWH,525,NULL,NULL,2013-06-20 0:36:39,2013-06-20 0:36:39,
140,4,jar730,WWH,525,NULL,NULL,2013-06-20 0:36:39,2013-06-20 0:36:39,
141,4,mes29,WWH,813,NULL,NULL,2013-06-20 0:36:39,2013-06-20 0:36:39,
142,4,mes29,WWH,812,NULL,NULL,2013-06-20 0:36:39,2013-06-20 0:36:39,
143,4,jar730,WWH,604,NULL,NULL,2013-06-20 0:36:39,2013-06-20 0:36:39,
144,4,jar730,WWH,604,NULL,NULL,2013-06-20 0:36:39,2013-06-20 0:36:39,
145,4,jar730,WWH,604,NULL,NULL,2013-06-20 0:36:39,2013-06-20 0:36:39,
146,4,yt462,WWH,606,NULL,NULL,2013-06-20 0:36:39,2013-06-20 0:36:39,
147,4,jar730,WWH,607,NULL,NULL,2013-06-20 0:36:39,2013-06-20 0:36:39,
148,4,jar730,WWH,607,NULL,NULL,2013-06-20 0:36:39,2013-06-20 0:36:39,
149,4,jar730,WWH,607,NULL,NULL,2013-06-20 0:36:40,2013-06-20 0:36:40,
150,4,jar730,WWH,608,NULL,NULL,2013-06-20 0:36:40,2013-06-20 0:36:40,
151,4,jar730,WWH,608,NULL,NULL,2013-06-20 0:36:40,2013-06-20 0:36:40,
152,4,jar730,WWH,609,NULL,NULL,2013-06-20 0:36:40,2013-06-20 0:36:40,
153,4,jar730,WWH,609,NULL,NULL,2013-06-20 0:36:40,2013-06-20 0:36:40,
154,4,jar730,WWH,610,NULL,NULL,2013-06-20 0:36:40,2013-06-20 0:36:40,
155,4,jar730,WWH,610,NULL,NULL,2013-06-20 0:36:40,2013-06-20 0:36:40,
156,4,jar730,WWH,610,NULL,NULL,2013-06-20 0:36:40,2013-06-20 0:36:40,
157,4,jar730,WWH,616,NULL,NULL,2013-06-20 0:36:40,2013-06-20 0:36:40,
158,4,jar730,WWH,617,NULL,NULL,2013-06-20 0:36:40,2013-06-20 0:36:40,
159,4,yt462,WWH,618,NULL,NULL,2013-06-20 0:36:40,2013-06-20 0:36:40,
160,4,pm1782,WWH,619,NULL,NULL,2013-06-20 0:36:40,2013-06-20 0:36:40,
161,4,mgg272,WWH,620,NULL,NULL,2013-06-20 0:36:40,2013-06-20 0:36:40,
162,4,jar730,WWH,621,NULL,NULL,2013-06-20 0:36:40,2013-06-20 0:36:40,
163,4,tdw236,WWH,622,NULL,NULL,2013-06-20 0:36:40,2013-06-20 0:36:40,
164,4,jar730,WWH,624,NULL,NULL,2013-06-20 0:36:40,2013-06-20 0:36:40,
165,4,jar730,WWH,625,NULL,NULL,2013-06-20 0:36:40,2013-06-20 0:36:40,
166,4,jar730,WWH,625,NULL,NULL,2013-06-20 0:36:40,2013-06-20 0:36:40,
167,4,jar730,WWH,626,NULL,NULL,2013-06-20 0:36:40,2013-06-20 0:36:40,
168,4,yt462,WWH,627,NULL,NULL,2013-06-20 0:36:40,2013-06-20 0:36:40,
169,4,yt462,WWH,627,NULL,NULL,2013-06-20 0:36:40,2013-06-20 0:36:40,
170,4,mgg272,WWH,628,NULL,NULL,2013-06-20 0:36:40,2013-06-20 0:36:40,
171,4,tdw236,WWH,630,NULL,NULL,2013-06-20 0:36:40,2013-06-20 0:36:40,
172,4,mrw273,WWH,702,NULL,NULL,2013-06-20 0:36:40,2013-06-20 0:36:40,
173,4,none,WWH,703,NULL,NULL,2013-06-20 0:36:40,2013-06-20 0:36:40,
174,4,mes29,WWH,704,NULL,NULL,2013-06-20 0:36:40,2013-06-20 0:36:40,
175,4,mgg272,WWH,706,NULL,NULL,2013-06-20 0:36:40,2013-06-20 0:36:40,
176,4,kp1120,WWH,707,NULL,NULL,2013-06-20 0:36:40,2013-06-20 0:36:40,
177,4,kp1120,WWH,707,NULL,NULL,2013-06-20 0:36:40,2013-06-20 0:36:40,
178,4,kp1120,WWH,707,NULL,NULL,2013-06-20 0:36:40,2013-06-20 0:36:40,
179,4,mgg272,WWH,708,NULL,NULL,2013-06-20 0:36:41,2013-06-20 0:36:41,
180,4,mgg272,WWH,708,NULL,NULL,2013-06-20 0:36:41,2013-06-20 0:36:41,
181,4,mgg272,WWH,708,NULL,NULL,2013-06-20 0:36:41,2013-06-20 0:36:41,
182,4,mgg272,WWH,709,NULL,NULL,2013-06-20 0:36:41,2013-06-20 0:36:41,
183,4,yt462,WWH,709,NULL,NULL,2013-06-20 0:36:41,2013-06-20 0:36:41,
184,4,tdw236,WWH,709,NULL,NULL,2013-06-20 0:36:41,2013-06-20 0:36:41,
185,4,kp1120,WWH,710,NULL,NULL,2013-06-20 0:36:41,2013-06-20 0:36:41,
186,4,jar730,WWH,710,NULL,NULL,2013-06-20 0:36:41,2013-06-20 0:36:41,
187,4,kp1120,WWH,710,NULL,NULL,2013-06-20 0:36:41,2013-06-20 0:36:41,
188,4,snt251,WWH,811,NULL,NULL,2013-06-20 0:36:41,2013-06-20 0:36:41,
189,4,sc3104,WWH,713,NULL,NULL,2013-06-20 0:36:41,2013-06-20 0:36:41,
190,4,mes29,WWH,725,NULL,NULL,2013-06-20 0:36:41,2013-06-20 0:36:41,
191,4,mes29,WWH,725,NULL,NULL,2013-06-20 0:36:41,2013-06-20 0:36:41,
192,4,nc771,WWH,729,NULL,NULL,2013-06-20 0:36:41,2013-06-20 0:36:41,
193,4,sc3104,WWH,730,NULL,NULL,2013-06-20 0:36:41,2013-06-20 0:36:41,
194,4,palma,WWH,804,NULL,NULL,2013-06-20 0:36:41,2013-06-20 0:36:41,
195,4,rer264,WWH,804,NULL,NULL,2013-06-20 0:36:41,2013-06-20 0:36:41,
196,4,mes29,WWH,806,NULL,NULL,2013-06-20 0:36:41,2013-06-20 0:36:41,
197,4,nc771,WWH,,???,NULL,NULL,2013-06-20 0:36:41,2013-06-20 0:36:41
198,4,mgg272,WWH,813,NULL,NULL,2013-06-20 0:36:41,2013-06-20 0:36:41,
199,4,mgg272,WWH,813,NULL,NULL,2013-06-20 0:36:41,2013-06-20 0:36:41,
200,4,jar730,WWH,716,NULL,NULL,2013-06-20 0:36:41,2013-06-20 0:36:41,
201,4,mgg272,WWH,813,NULL,NULL,2013-06-20 0:36:41,2013-06-20 0:36:41,
202,4,mgg272,WWH,813,NULL,NULL,2013-06-20 0:36:41,2013-06-20 0:36:41,
203,4,mgg272,WWH,813,NULL,NULL,2013-06-20 0:36:41,2013-06-20 0:36:41,
204,4,sc3104,WWH,717,NULL,NULL,2013-06-20 0:36:41,2013-06-20 0:36:41,
205,4,mgg272,WWH,819,NULL,NULL,2013-06-20 0:36:41,2013-06-20 0:36:41,
206,4,mgg272,WWH,820,NULL,NULL,2013-06-20 0:36:41,2013-06-20 0:36:41,
207,4,mgg272,WWH,821,NULL,NULL,2013-06-20 0:36:41,2013-06-20 0:36:41,
208,4,none,WWH,821,NULL,NULL,2013-06-20 0:36:41,2013-06-20 0:36:41,
209,4,none,WWH,823,NULL,NULL,2013-06-20 0:36:41,2013-06-20 0:36:41,
210,4,tdw236,WWH,823,NULL,NULL,2013-06-20 0:36:42,2013-06-20 0:36:42,
211,4,mgg272,WWH,825,NULL,NULL,2013-06-20 0:36:42,2013-06-20 0:36:42,
212,4,sc3104,WWH,420,NULL,NULL,2013-06-20 0:36:42,2013-06-20 0:36:42,
213,4,mgg272,WWH,826,NULL,NULL,2013-06-20 0:36:42,2013-06-20 0:36:42,
214,4,mgg272,WWH,828,NULL,NULL,2013-06-20 0:36:42,2013-06-20 0:36:42,
215,4,mgg272,WWH,828,NULL,NULL,2013-06-20 0:36:42,2013-06-20 0:36:42,
216,4,mgg272,WWH,829,NULL,NULL,2013-06-20 0:36:42,2013-06-20 0:36:42,
217,4,mgg272,WWH,830,NULL,NULL,2013-06-20 0:36:42,2013-06-20 0:36:42,
218,4,mgg/mes29,WWH,830,NULL,NULL,2013-06-20 0:36:42,2013-06-20 0:36:42,
219,4,nc771,WWH,907,NULL,NULL,2013-06-20 0:36:42,2013-06-20 0:36:42,
220,4,mes29,WWH,910,NULL,NULL,2013-06-20 0:36:42,2013-06-20 0:36:42,
221,4,yt462,WWH,912,NULL,NULL,2013-06-20 0:36:42,2013-06-20 0:36:42,
222,4,yt462,WWH,912,NULL,NULL,2013-06-20 0:36:42,2013-06-20 0:36:42,
223,4,mrw273,WWH,913,NULL,NULL,2013-06-20 0:36:42,2013-06-20 0:36:42,
224,4,mes29,WWH,824,NULL,NULL,2013-06-20 0:36:42,2013-06-20 0:36:42,
225,4,mrw273,WWH,917,NULL,NULL,2013-06-20 0:36:42,2013-06-20 0:36:42,
226,4,mrw273,WWH,918,NULL,NULL,2013-06-20 0:36:42,2013-06-20 0:36:42,
227,4,sc3104,WWH,821,NULL,NULL,2013-06-20 0:36:42,2013-06-20 0:36:42,
228,4,mes29,WWH,920,NULL,NULL,2013-06-20 0:36:42,2013-06-20 0:36:42,
229,4,palma,WWH,820,NULL,NULL,2013-06-20 0:36:42,2013-06-20 0:36:42,
230,4,mes29,WWH,806,NULL,NULL,2013-06-20 0:36:42,2013-06-20 0:36:42,
231,4,mes29,WWH,925,NULL,NULL,2013-06-20 0:36:42,2013-06-20 0:36:42,
232,4,mes29,WWH,926,NULL,NULL,2013-06-20 0:36:42,2013-06-20 0:36:42,
233,4,mes29,WWH,927,NULL,NULL,2013-06-20 0:36:42,2013-06-20 0:36:42,
234,4,palma,WWH,927,NULL,NULL,2013-06-20 0:36:42,2013-06-20 0:36:42,
235,4,mrw273,WWH,929,NULL,NULL,2013-06-20 0:36:42,2013-06-20 0:36:42,
236,4,mrw273,WWH,929,NULL,NULL,2013-06-20 0:36:42,2013-06-20 0:36:42,
237,4,mes29,WWH,930,NULL,NULL,2013-06-20 0:36:42,2013-06-20 0:36:42,
238,4,palma,WWH,608,NULL,NULL,2013-06-20 0:36:42,2013-06-20 0:36:42,
239,4,sc3104,WWH,1004,NULL,NULL,2013-06-20 0:36:42,2013-06-20 0:36:42,
240,4,sc3104,WWH,1004,NULL,NULL,2013-06-20 0:36:42,2013-06-20 0:36:42,
241,4,sc3104,WWH,1004,NULL,NULL,2013-06-20 0:36:42,2013-06-20 0:36:42,
242,4,aab559,WWH,1015,NULL,NULL,2013-06-20 0:36:42,2013-06-20 0:36:42,
243,4,jar730,WWH,602,NULL,NULL,2013-06-20 0:36:42,2013-06-20 0:36:42,
244,4,mrw273,WWH,1022,NULL,NULL,2013-06-20 0:36:42,2013-06-20 0:36:42,
245,4,mrw273,WWH,1023,NULL,NULL,2013-06-20 0:36:43,2013-06-20 0:36:43,
246,4,mrw273,WWH,1023,NULL,NULL,2013-06-20 0:36:43,2013-06-20 0:36:43,
247,4,mrw273,WWH,1023,NULL,NULL,2013-06-20 0:36:43,2013-06-20 0:36:43,
248,4,nc771,WWH,1025,NULL,NULL,2013-06-20 0:36:43,2013-06-20 0:36:43,
249,4,4/2/2009,WWH,1025,NULL,NULL,2013-06-20 0:36:43,2013-06-20 0:36:43,
250,4,jar730,WWH,1027,NULL,NULL,2013-06-20 0:36:43,2013-06-20 0:36:43,
251,4,jar730,WWH,1027,NULL,NULL,2013-06-20 0:36:43,2013-06-20 0:36:43,
252,4,jar730,WWH,1028,NULL,NULL,2013-06-20 0:36:43,2013-06-20 0:36:43,
253,4,mrw273,WWH,1100,NULL,NULL,2013-06-20 0:36:43,2013-06-20 0:36:43,
254,4,N/A,WWH,1104,NULL,NULL,2013-06-20 0:36:43,2013-06-20 0:36:43,
255,4,jar730,WWH,1106,NULL,NULL,2013-06-20 0:36:43,2013-06-20 0:36:43,
256,4,jar730,WWH,1106,NULL,NULL,2013-06-20 0:36:43,2013-06-20 0:36:43,
257,4,mes29,WWH,1107,NULL,NULL,2013-06-20 0:36:43,2013-06-20 0:36:43,
258,4,jar730,WWH,1108,NULL,NULL,2013-06-20 0:36:43,2013-06-20 0:36:43,
259,4,importer,WWH,1108,NULL,NULL,2013-06-20 0:36:43,2013-06-20 0:36:43,
260,4,mgg272,WWH,1108,NULL,NULL,2013-06-20 0:36:43,2013-06-20 0:36:43,
261,4,dave,WWH,1007,NULL,NULL,2013-06-20 0:36:43,2013-06-20 0:36:43,
262,4,pm1782,WWH,1109,NULL,NULL,2013-06-20 0:36:43,2013-06-20 0:36:43,
263,4,pm1782,WWH,1109,NULL,NULL,2013-06-20 0:36:43,2013-06-20 0:36:43,
264,4,jar730,WWH,1110,NULL,NULL,2013-06-20 0:36:43,2013-06-20 0:36:43,
265,4,jar730,WWH,1110,NULL,NULL,2013-06-20 0:36:43,2013-06-20 0:36:43,
266,4,aab559,WWH,1015,NULL,NULL,2013-06-20 0:36:43,2013-06-20 0:36:43,
267,4,mgg272,WWH,1112,NULL,NULL,2013-06-20 0:36:43,2013-06-20 0:36:43,
268,4,yt462,WWH,1113,NULL,NULL,2013-06-20 0:36:43,2013-06-20 0:36:43,
269,4,mrw273,WWH,1116,NULL,NULL,2013-06-20 0:36:43,2013-06-20 0:36:43,
270,4,jar730,WWH,1117,NULL,NULL,2013-06-20 0:36:43,2013-06-20 0:36:43,
271,4,tdw236,WWH,1119,NULL,NULL,2013-06-20 0:36:43,2013-06-20 0:36:43,
272,4,tdw236,WWH,1119,NULL,NULL,2013-06-20 0:36:43,2013-06-20 0:36:43,
273,4,jar730,WWH,1120,NULL,NULL,2013-06-20 0:36:43,2013-06-20 0:36:43,
274,4,jar730,WWH,1122,NULL,NULL,2013-06-20 0:36:43,2013-06-20 0:36:43,
275,4,acase,WWH,?,NULL,NULL,2013-06-20 0:36:44,2013-06-20 0:36:44,
276,4,jar730,WWH,1124,NULL,NULL,2013-06-20 0:36:44,2013-06-20 0:36:44,
277,4,jar730,WWH,1124,NULL,NULL,2013-06-20 0:36:44,2013-06-20 0:36:44,
278,4,jar730,WWH,1125,NULL,NULL,2013-06-20 0:36:44,2013-06-20 0:36:44,
279,4,jar730,WWH,1127,NULL,NULL,2013-06-20 0:36:44,2013-06-20 0:36:44,
280,4,sc3104,WWH,420,NULL,NULL,2013-06-20 0:36:44,2013-06-20 0:36:44,
281,4,mes29,WWH,1128,NULL,NULL,2013-06-20 0:36:44,2013-06-20 0:36:44,
282,4,mes29,WWH,1128,NULL,NULL,2013-06-20 0:36:44,2013-06-20 0:36:44,
283,4,dave,WWH,1304,NULL,NULL,2013-06-20 0:36:44,2013-06-20 0:36:44,
284,4,has WinEdt,WWH,1304,NULL,NULL,2013-06-20 0:36:44,2013-06-20 0:36:44,
285,4,jar730,WWH,1305,NULL,NULL,2013-06-20 0:36:44,2013-06-20 0:36:44,
286,4,jar730,WWH,1306,NULL,NULL,2013-06-20 0:36:44,2013-06-20 0:36:44,
287,4,jar730,WWH,1307,NULL,NULL,2013-06-20 0:36:44,2013-06-20 0:36:44,
288,4,jar730,WWH,1309,NULL,NULL,2013-06-20 0:36:44,2013-06-20 0:36:44,
289,4,jar730,WWH,1309,NULL,NULL,2013-06-20 0:36:44,2013-06-20 0:36:44,
290,4,importer,WWH,1309,NULL,NULL,2013-06-20 0:36:44,2013-06-20 0:36:44,
291,4,mrw273,WWH,1310,NULL,NULL,2013-06-20 0:36:44,2013-06-20 0:36:44,
292,4,mrw273,WWH,1313,NULL,NULL,2013-06-20 0:36:44,2013-06-20 0:36:44,
293,4,nc771,715BW,7,NULL,NULL,2013-06-20 0:36:44,2013-06-20 0:36:44,
294,4,nc771,715BW,707,NULL,NULL,2013-06-20 0:36:44,2013-06-20 0:36:44,
295,4,nc771,715BW,12,NULL,NULL,2013-06-20 0:36:44,2013-06-20 0:36:44,
296,4,importer,719BW,702,NULL,NULL,2013-06-20 0:36:44,2013-06-20 0:36:44,
297,4,acase,WWH,702,NULL,NULL,2013-06-20 0:36:44,2013-06-20 0:36:44,
298,4,importer,719BW,703,NULL,NULL,2013-06-20 0:36:44,2013-06-20 0:36:44,
299,4,nc771,719BW,705,NULL,NULL,2013-06-20 0:36:44,2013-06-20 0:36:44,
300,4,importer,719BW,707,NULL,NULL,2013-06-20 0:36:44,2013-06-20 0:36:44,
301,4,importer,719BW,709,NULL,NULL,2013-06-20 0:36:44,2013-06-20 0:36:44,
302,4,nc771,719BW,714,NULL,NULL,2013-06-20 0:36:44,2013-06-20 0:36:44,
303,4,nc771,719BW,715,NULL,NULL,2013-06-20 0:36:44,2013-06-20 0:36:44,
304,4,nc771,719BW,715,NULL,NULL,2013-06-20 0:36:44,2013-06-20 0:36:44,
305,4,nc771,719BW,1222,NULL,NULL,2013-06-20 0:36:44,2013-06-20 0:36:44,
306,4,howell,WWH,718,NULL,NULL,2013-06-20 0:36:45,2013-06-20 0:36:45,
307,4,jar730,WWH,721,NULL,NULL,2013-06-20 0:36:45,2013-06-20 0:36:45,
308,4,sc3104,WWH,1008,NULL,NULL,2013-06-20 0:36:45,2013-06-20 0:36:45,
309,4,sc3104,WWH,1008,NULL,NULL,2013-06-20 0:36:45,2013-06-20 0:36:45,
310,4,sc3104,WWH,1008,NULL,NULL,2013-06-20 0:36:45,2013-06-20 0:36:45,
311,4,tdw236,WWH,726,NULL,NULL,2013-06-20 0:36:45,2013-06-20 0:36:45,
312,4,tdw236,WWH,726,NULL,NULL,2013-06-20 0:36:45,2013-06-20 0:36:45,
313,4,palma,WWH,1022,NULL,NULL,2013-06-20 0:36:45,2013-06-20 0:36:45,
314,4,sc3104,WWH,722,NULL,NULL,2013-06-20 0:36:45,2013-06-20 0:36:45,
315,4,acase,WWH,429,NULL,NULL,2013-06-20 0:36:45,2013-06-20 0:36:45,
316,4,mes29,WWH,824,NULL,NULL,2013-06-20 0:36:45,2013-06-20 0:36:45,
317,4,mes29,WWH,818,NULL,NULL,2013-06-20 0:36:45,2013-06-20 0:36:45,
318,4,mes29,WWH,815,NULL,NULL,2013-06-20 0:36:45,2013-06-20 0:36:45,
319,4,mes29,WWH,708,NULL,NULL,2013-06-20 0:36:45,2013-06-20 0:36:45,
320,4,mes29,WWH,708,NULL,NULL,2013-06-20 0:36:45,2013-06-20 0:36:45,
321,4,mes29,WWH,708,NULL,NULL,2013-06-20 0:36:45,2013-06-20 0:36:45,
322,4,howell,WWH,729,NULL,NULL,2013-06-20 0:36:45,2013-06-20 0:36:45,
323,4,mes29,WWH,712,NULL,NULL,2013-06-20 0:36:45,2013-06-20 0:36:45,
324,4,mes29,WWH,1017,NULL,NULL,2013-06-20 0:36:45,2013-06-20 0:36:45,
325,4,mes29,WWH,1030,NULL,NULL,2013-06-20 0:36:45,2013-06-20 0:36:45,
326,4,jar730,WWH,501,NULL,NULL,2013-06-20 0:36:45,2013-06-20 0:36:45,
327,4,mes29,WWH,1010,NULL,NULL,2013-06-20 0:36:45,2013-06-20 0:36:45,
328,4,jar730,WWH,613,NULL,NULL,2013-06-20 0:36:45,2013-06-20 0:36:45,
329,4,sc3104,WWH,730,NULL,NULL,2013-06-20 0:36:45,2013-06-20 0:36:45,
330,4,tdw236,WWH,730,NULL,NULL,2013-06-20 0:36:45,2013-06-20 0:36:45,
331,4,aab559,WWH,1022,NULL,NULL,2013-06-20 0:36:45,2013-06-20 0:36:45,
332,4,aab559,WWH,612,NULL,NULL,2013-06-20 0:36:45,2013-06-20 0:36:45,
333,4,mes29,WWH,817,NULL,NULL,2013-06-20 0:36:45,2013-06-20 0:36:45,
334,4,mes29,WWH,1123,NULL,NULL,2013-06-20 0:36:45,2013-06-20 0:36:45,
335,4,jar730,WWH,305,NULL,NULL,2013-06-20 0:36:45,2013-06-20 0:36:45,
336,4,sc3104,WWH,521,NULL,NULL,2013-06-20 0:36:45,2013-06-20 0:36:45,
337,4,palma,WWH,1024,NULL,NULL,2013-06-20 0:36:46,2013-06-20 0:36:46,
338,4,palma,WWH,701,NULL,NULL,2013-06-20 0:36:46,2013-06-20 0:36:46,
339,4,jar730,WWH,606,NULL,NULL,2013-06-20 0:36:46,2013-06-20 0:36:46,
340,4,jar730,WWH,606,NULL,NULL,2013-06-20 0:36:46,2013-06-20 0:36:46,
341,4,jar730,WWH,?,NULL,NULL,2013-06-20 0:36:46,2013-06-20 0:36:46,
342,4,jar730,WWH,?,NULL,NULL,2013-06-20 0:36:46,2013-06-20 0:36:46,
343,4,jar730,WWH,?,NULL,NULL,2013-06-20 0:36:46,2013-06-20 0:36:46,
344,4,jar730,WWH,?,NULL,NULL,2013-06-20 0:36:46,2013-06-20 0:36:46,
345,4,palma,WWH,402,NULL,NULL,2013-06-20 0:36:46,2013-06-20 0:36:46,
346,4,jar730,WWH,402,NULL,NULL,2013-06-20 0:36:46,2013-06-20 0:36:46,
347,4,jar730,715BW,1015,NULL,NULL,2013-06-20 0:36:46,2013-06-20 0:36:46,
348,4,jar730,WWH,1015,NULL,NULL,2013-06-20 0:36:46,2013-06-20 0:36:46,
349,4,jar730,WWH,810,NULL,NULL,2013-06-20 0:36:46,2013-06-20 0:36:46,
350,4,jar730,WWH,424,NULL,NULL,2013-06-20 0:36:46,2013-06-20 0:36:46,
351,4,jar730,WWH,519,NULL,NULL,2013-06-20 0:36:46,2013-06-20 0:36:46,
352,4,jar730,WWH,519,NULL,NULL,2013-06-20 0:36:46,2013-06-20 0:36:46,
353,4,jar730,WWH,522,NULL,NULL,2013-06-20 0:36:46,2013-06-20 0:36:46,
354,4,jar730,WWH,1102,NULL,NULL,2013-06-20 0:36:46,2013-06-20 0:36:46,
355,4,jar730,WWH,1118,NULL,NULL,2013-06-20 0:36:46,2013-06-20 0:36:46,
356,4,jar730,WWH,1126,NULL,NULL,2013-06-20 0:36:46,2013-06-20 0:36:46,
357,4,jar730,WWH,1106,NULL,NULL,2013-06-20 0:36:46,2013-06-20 0:36:46,
358,4,jar730,WWH,1005B,NULL,NULL,2013-06-20 0:36:46,2013-06-20 0:36:46,
359,4,jar730,WWH,1005B,NULL,NULL,2013-06-20 0:36:46,2013-06-20 0:36:46,
360,4,jar730,WWH,1110,NULL,NULL,2013-06-20 0:36:46,2013-06-20 0:36:46,
361,4,jar730,WWH,1007,NULL,NULL,2013-06-20 0:36:46,2013-06-20 0:36:46,
362,4,jar730,WWH,1009,NULL,NULL,2013-06-20 0:36:46,2013-06-20 0:36:46,
363,4,jar730,WWH,1010,NULL,NULL,2013-06-20 0:36:46,2013-06-20 0:36:46,
364,4,dave,WWH,718,NULL,NULL,2013-06-20 0:36:46,2013-06-20 0:36:46,
365,4,sc3104,WWH,1011,NULL,NULL,2013-06-20 0:36:46,2013-06-20 0:36:46,
366,4,jar730,WWH,1025,NULL,NULL,2013-06-20 0:36:46,2013-06-20 0:36:46,
367,4,jar730,WWH,1312,NULL,NULL,2013-06-20 0:36:46,2013-06-20 0:36:46,
368,4,jar730,WWH,1310,NULL,NULL,2013-06-20 0:36:47,2013-06-20 0:36:47,
369,4,jar730,WWH,1310,NULL,NULL,2013-06-20 0:36:47,2013-06-20 0:36:47,
370,4,jar730,WWH,1308,NULL,NULL,2013-06-20 0:36:47,2013-06-20 0:36:47,
371,4,jar730,WWH,1305,NULL,NULL,2013-06-20 0:36:47,2013-06-20 0:36:47,
372,4,jar730,WWH,503,NULL,NULL,2013-06-20 0:36:47,2013-06-20 0:36:47,
373,4,jar730,WWH,503,NULL,NULL,2013-06-20 0:36:47,2013-06-20 0:36:47,
374,4,jar730,WWH,504,NULL,NULL,2013-06-20 0:36:47,2013-06-20 0:36:47,
375,4,jar730,WWH,505,NULL,NULL,2013-06-20 0:36:47,2013-06-20 0:36:47,
376,4,jar730,WWH,505,NULL,NULL,2013-06-20 0:36:47,2013-06-20 0:36:47,
377,4,jar730,WWH,505,NULL,NULL,2013-06-20 0:36:47,2013-06-20 0:36:47,
378,4,jar730,WWH,404,NULL,NULL,2013-06-20 0:36:47,2013-06-20 0:36:47,
379,4,jar730,WWH,505,NULL,NULL,2013-06-20 0:36:47,2013-06-20 0:36:47,
380,4,jar730,WWH,505,NULL,NULL,2013-06-20 0:36:47,2013-06-20 0:36:47,
381,4,jar730,WWH,520,NULL,NULL,2013-06-20 0:36:47,2013-06-20 0:36:47,
382,4,jar730,WWH,603,NULL,NULL,2013-06-20 0:36:47,2013-06-20 0:36:47,
383,4,jar730,WWH,603,NULL,NULL,2013-06-20 0:36:47,2013-06-20 0:36:47,
384,4,jar730,WWH,603,NULL,NULL,2013-06-20 0:36:47,2013-06-20 0:36:47,
385,4,jar730,WWH,903,NULL,NULL,2013-06-20 0:36:47,2013-06-20 0:36:47,
386,4,jar730,WWH,404,NULL,NULL,2013-06-20 0:36:47,2013-06-20 0:36:47,
387,4,jar730,WWH,406,NULL,NULL,2013-06-20 0:36:47,2013-06-20 0:36:47,
388,4,jar730,WWH,406,NULL,NULL,2013-06-20 0:36:47,2013-06-20 0:36:47,
389,4,jar730,WWH,409,NULL,NULL,2013-06-20 0:36:47,2013-06-20 0:36:47,
390,4,jar730,WWH,409,NULL,NULL,2013-06-20 0:36:47,2013-06-20 0:36:47,
391,4,jar730,WWH,410,NULL,NULL,2013-06-20 0:36:47,2013-06-20 0:36:47,
392,4,howell,WWH,421,NULL,NULL,2013-06-20 0:36:47,2013-06-20 0:36:47,
393,4,jar730,WWH,423,NULL,NULL,2013-06-20 0:36:47,2013-06-20 0:36:47,
394,4,jar730,WWH,429,NULL,NULL,2013-06-20 0:36:47,2013-06-20 0:36:47,
395,4,jar730,WWH,307,NULL,NULL,2013-06-20 0:36:47,2013-06-20 0:36:47,
396,4,jar730,WWH,308,NULL,NULL,2013-06-20 0:36:47,2013-06-20 0:36:47,
397,4,jar730,WWH,320,NULL,NULL,2013-06-20 0:36:47,2013-06-20 0:36:47,
398,4,jar730,WWH,319,NULL,NULL,2013-06-20 0:36:48,2013-06-20 0:36:48,
399,4,palma,WWH,804,NULL,NULL,2013-06-20 0:36:48,2013-06-20 0:36:48,
400,4,jar730,WWH,507,NULL,NULL,2013-06-20 0:36:48,2013-06-20 0:36:48,
401,4,palma,WWH,925,NULL,NULL,2013-06-20 0:36:48,2013-06-20 0:36:48,
402,4,jar730,WWH,507,NULL,NULL,2013-06-20 0:36:48,2013-06-20 0:36:48,
403,4,jar730,WWH,720,NULL,NULL,2013-06-20 0:36:48,2013-06-20 0:36:48,
404,4,kp1120,WWH,801,NULL,NULL,2013-06-20 0:36:48,2013-06-20 0:36:48,
405,4,dave,WWH,801,NULL,NULL,2013-06-20 0:36:48,2013-06-20 0:36:48,
406,4,kp1120,WWH,801,NULL,NULL,2013-06-20 0:36:48,2013-06-20 0:36:48,
407,4,kp1120,WWH,801,NULL,NULL,2013-06-20 0:36:48,2013-06-20 0:36:48,
408,4,kp1120,WWH,801,NULL,NULL,2013-06-20 0:36:48,2013-06-20 0:36:48,
409,4,dave,715BW,12th floor,NULL,NULL,2013-06-20 0:36:48,2013-06-20 0:36:48,
410,4,tdw236,WWH,407,NULL,NULL,2013-06-20 0:36:48,2013-06-20 0:36:48,
411,4,palma,WWH,1101,NULL,NULL,2013-06-20 0:36:48,2013-06-20 0:36:48,
412,4,dave,719BW,706,NULL,NULL,2013-06-20 0:36:48,2013-06-20 0:36:48,
413,4,dave,WWH,308,NULL,NULL,2013-06-20 0:36:48,2013-06-20 0:36:48,
414,4,palma,WWH,1311,NULL,NULL,2013-06-20 0:36:48,2013-06-20 0:36:48,
415,4,dave,715BW,1010,NULL,NULL,2013-06-20 0:36:48,2013-06-20 0:36:48,
416,4,acase,WWH,906,NULL,NULL,2013-06-20 0:36:48,2013-06-20 0:36:48,
417,4,palma,WWH,1015,NULL,NULL,2013-06-20 0:36:48,2013-06-20 0:36:48,
418,4,jar730,WWH,1111,NULL,NULL,2013-06-20 0:36:48,2013-06-20 0:36:48,
419,4,jar730,WWH,1111,NULL,NULL,2013-06-20 0:36:48,2013-06-20 0:36:48,
420,4,jar730,WWH,1111,NULL,NULL,2013-06-20 0:36:48,2013-06-20 0:36:48,
421,4,sc3104,WWH,718,NULL,NULL,2013-06-20 0:36:48,2013-06-20 0:36:48,
422,4,jar730,WWH,1003,NULL,NULL,2013-06-20 0:36:48,2013-06-20 0:36:48,
423,4,jar730,WWH,1003,NULL,NULL,2013-06-20 0:36:48,2013-06-20 0:36:48,
424,4,jar730,WWH,1003,NULL,NULL,2013-06-20 0:36:48,2013-06-20 0:36:48,
425,4,jar730,719BW,717,NULL,NULL,2013-06-20 0:36:48,2013-06-20 0:36:48,
426,4,jar730,WWH,717,NULL,NULL,2013-06-20 0:36:48,2013-06-20 0:36:48,
427,4,sc3104,715BW,1211,NULL,NULL,2013-06-20 0:36:48,2013-06-20 0:36:48,
428,4,dave,WWH,909,NULL,NULL,2013-06-20 0:36:49,2013-06-20 0:36:49,
429,4,TDW236,WWH,909,NULL,NULL,2013-06-20 0:36:49,2013-06-20 0:36:49,
430,4,jar730,719BW,717,NULL,NULL,2013-06-20 0:36:49,2013-06-20 0:36:49,
431,4,palma,WWH,101,NULL,NULL,2013-06-20 0:36:49,2013-06-20 0:36:49,
432,4,tdw236,WWH,719,NULL,NULL,2013-06-20 0:36:49,2013-06-20 0:36:49,
433,4,palma,WWH,1010,NULL,NULL,2013-06-20 0:36:49,2013-06-20 0:36:49,
434,4,palma,WWH,305,NULL,NULL,2013-06-20 0:36:49,2013-06-20 0:36:49,
435,4,jar730,WWH,1005A,NULL,NULL,2013-06-20 0:36:49,2013-06-20 0:36:49,
436,4,jar730,WWH,1005A,NULL,NULL,2013-06-20 0:36:49,2013-06-20 0:36:49,
437,4,jar730,WWH,1111,NULL,NULL,2013-06-20 0:36:49,2013-06-20 0:36:49,
438,4,jar730,WWH,1103,NULL,NULL,2013-06-20 0:36:49,2013-06-20 0:36:49,
439,4,jar730,WWH,1103,NULL,NULL,2013-06-20 0:36:49,2013-06-20 0:36:49,
440,4,jar730,WWH,1103,NULL,NULL,2013-06-20 0:36:49,2013-06-20 0:36:49,
441,4,jar730,WWH,1311,NULL,NULL,2013-06-20 0:36:49,2013-06-20 0:36:49,
442,4,palma,WWH,1022,NULL,NULL,2013-06-20 0:36:49,2013-06-20 0:36:49,
443,4,palma,WWH,1022,NULL,NULL,2013-06-20 0:36:49,2013-06-20 0:36:49,
444,4,palma,WWH,327,NULL,NULL,2013-06-20 0:36:49,2013-06-20 0:36:49,
445,4,palma,WWH,1022,NULL,NULL,2013-06-20 0:36:49,2013-06-20 0:36:49,
446,4,palma,WWH,1022,NULL,NULL,2013-06-20 0:36:49,2013-06-20 0:36:49,
447,4,jar730,WWH,402,NULL,NULL,2013-06-20 0:36:49,2013-06-20 0:36:49,
448,4,acase,WWH,1302,NULL,NULL,2013-06-20 0:36:49,2013-06-20 0:36:49,
449,4,jar730,WWH,724,NULL,NULL,2013-06-20 0:36:49,2013-06-20 0:36:49,
450,4,howell,715BW,1007,NULL,NULL,2013-06-20 0:36:49,2013-06-20 0:36:49,
451,4,howell,715BW,1007,NULL,NULL,2013-06-20 0:36:49,2013-06-20 0:36:49,
452,4,howell,719BW,1222,NULL,NULL,2013-06-20 0:36:49,2013-06-20 0:36:49,
453,4,palma,WWH,805,NULL,NULL,2013-06-20 0:36:49,2013-06-20 0:36:49,
454,4,palma,WWH,???,NULL,NULL,2013-06-20 0:36:49,2013-06-20 0:36:49,
455,4,kp1120,WWH,801,NULL,NULL,2013-06-20 0:36:49,2013-06-20 0:36:49,
456,4,kp1120,WWH,801,NULL,NULL,2013-06-20 0:36:49,2013-06-20 0:36:49,
457,4,kp1120,WWH,801,NULL,NULL,2013-06-20 0:36:49,2013-06-20 0:36:49,
458,4,jar730,WWH,530,NULL,NULL,2013-06-20 0:36:49,2013-06-20 0:36:49,
459,4,kp1120,WWH,708,NULL,NULL,2013-06-20 0:36:50,2013-06-20 0:36:50,
460,4,jar730,WWH,701,NULL,NULL,2013-06-20 0:36:50,2013-06-20 0:36:50,
461,4,bsa247,WWH,708,NULL,NULL,2013-06-20 0:36:50,2013-06-20 0:36:50,
462,4,palma,WWH,?,NULL,NULL,2013-06-20 0:36:50,2013-06-20 0:36:50,
463,4,palma,WWH,1113,NULL,NULL,2013-06-20 0:36:50,2013-06-20 0:36:50,
464,4,bsa247,WWH,718,NULL,NULL,2013-06-20 0:36:50,2013-06-20 0:36:50,
465,4,bsa247,WWH,721,NULL,NULL,2013-06-20 0:36:50,2013-06-20 0:36:50,
466,4,bsa247,WWH,718,NULL,NULL,2013-06-20 0:36:50,2013-06-20 0:36:50,
467,4,jar730,WWH,716,NULL,NULL,2013-06-20 0:36:50,2013-06-20 0:36:50,
468,4,bsa247,WWH,716,NULL,NULL,2013-06-20 0:36:50,2013-06-20 0:36:50,
469,4,palma,WWH,807,NULL,NULL,2013-06-20 0:36:50,2013-06-20 0:36:50,
470,4,palma,WWH,624,NULL,NULL,2013-06-20 0:36:50,2013-06-20 0:36:50,
471,4,palma,WWH,827,NULL,NULL,2013-06-20 0:36:50,2013-06-20 0:36:50,
472,4,palma,WWH,1015,NULL,NULL,2013-06-20 0:36:50,2013-06-20 0:36:50,
473,4,bsa247,WWH,530,NULL,NULL,2013-06-20 0:36:50,2013-06-20 0:36:50,
474,4,aab559,WWH,1015,NULL,NULL,2013-06-20 0:36:50,2013-06-20 0:36:50,
475,4,howell,715BW,1000 Reception,NULL,NULL,2013-06-20 0:36:50,2013-06-20 0:36:50,
476,4,jar730,WWH,1009,NULL,NULL,2013-06-20 0:36:50,2013-06-20 0:36:50,
477,4,jar730,WWH,928,NULL,NULL,2013-06-20 0:36:50,2013-06-20 0:36:50,
478,4,pm1782,WWH,1104,NULL,NULL,2013-06-20 0:36:50,2013-06-20 0:36:50,
479,4,palma,WWH,623,NULL,NULL,2013-06-20 0:36:50,2013-06-20 0:36:50,
480,4,jar730,WWH,803,NULL,NULL,2013-06-20 0:36:50,2013-06-20 0:36:50,
481,4,jar730,WWH,1105B,NULL,NULL,2013-06-20 0:36:50,2013-06-20 0:36:50,
482,4,palma,WWH,808,NULL,NULL,2013-06-20 0:36:50,2013-06-20 0:36:50,
483,4,aab559,WWH,521,NULL,NULL,2013-06-20 0:36:50,2013-06-20 0:36:50,
484,4,aab559,WWH,923,NULL,NULL,2013-06-20 0:36:50,2013-06-20 0:36:50,
485,4,mward,715BW,1014,NULL,NULL,2013-06-20 0:36:50,2013-06-20 0:36:50,
486,4,aab559,WWH,801,NULL,NULL,2013-06-20 0:36:50,2013-06-20 0:36:50,
487,4,jar730,WWH,1129,NULL,NULL,2013-06-20 0:36:50,2013-06-20 0:36:50,
488,4,jar730,WWH,1129,NULL,NULL,2013-06-20 0:36:50,2013-06-20 0:36:50,
489,4,jar730,WWH,1129,NULL,NULL,2013-06-20 0:36:50,2013-06-20 0:36:50,
490,4,jar730,WWH,417,NULL,NULL,2013-06-20 0:36:51,2013-06-20 0:36:51,
491,4,aab559,WWH,1101,NULL,NULL,2013-06-20 0:36:51,2013-06-20 0:36:51,
492,4,palma,WWH,904,NULL,NULL,2013-06-20 0:36:51,2013-06-20 0:36:51,
493,4,palma,WWH,526,NULL,NULL,2013-06-20 0:36:51,2013-06-20 0:36:51,
494,4,palma,WWH,606,NULL,NULL,2013-06-20 0:36:51,2013-06-20 0:36:51,
495,4,palma,WWH,1022,NULL,NULL,2013-06-20 0:36:51,2013-06-20 0:36:51,
496,4,aab559,WWH,303,NULL,NULL,2013-06-20 0:36:51,2013-06-20 0:36:51,
497,4,mward,WWH,320,NULL,NULL,2013-06-20 0:36:51,2013-06-20 0:36:51,
498,4,aab559,WWH,713,NULL,NULL,2013-06-20 0:36:51,2013-06-20 0:36:51,
499,4,aab559,WWH,713,NULL,NULL,2013-06-20 0:36:51,2013-06-20 0:36:51,
500,4,aab559,WWH,713,NULL,NULL,2013-06-20 0:36:51,2013-06-20 0:36:51,
501,4,aab559,WWH,713,NULL,NULL,2013-06-20 0:36:51,2013-06-20 0:36:51,
502,4,bsa247,WWH,1105B,NULL,NULL,2013-06-20 0:36:51,2013-06-20 0:36:51,
503,4,am4993,WWH,923,NULL,NULL,2013-06-20 0:36:51,2013-06-20 0:36:51,
504,4,am4993,WWH,408,NULL,NULL,2013-06-20 0:36:51,2013-06-20 0:36:51,
505,4,jar730,WWH,1129,NULL,NULL,2013-06-20 0:36:51,2013-06-20 0:36:51,
506,4,am4993,WWH,923,NULL,NULL,2013-06-20 0:36:51,2013-06-20 0:36:51,
507,4,jar730,WWH,901,NULL,NULL,2013-06-20 0:36:51,2013-06-20 0:36:51,
508,4,palma,715BW,7th fl reception,NULL,NULL,2013-06-20 0:36:51,2013-06-20 0:36:51,
509,4,palma,WWH,820,NULL,NULL,2013-06-20 0:36:51,2013-06-20 0:36:51,
510,4,mward,WWH,1126,NULL,NULL,2013-06-20 0:36:51,2013-06-20 0:36:51,
511,4,mward,WWH,929,NULL,NULL,2013-06-20 0:36:51,2013-06-20 0:36:51,
512,4,palma,719BW,703,NULL,NULL,2013-06-20 0:36:51,2013-06-20 0:36:51,
513,4,mward,WWH,820,NULL,NULL,2013-06-20 0:36:51,2013-06-20 0:36:51,
514,4,mward,WWH,727,NULL,NULL,2013-06-20 0:36:51,2013-06-20 0:36:51,
515,4,mward,WWH,727,NULL,NULL,2013-06-20 0:36:51,2013-06-20 0:36:51,
516,4,mward,WWH,906,NULL,NULL,2013-06-20 0:36:51,2013-06-20 0:36:51,
517,4,mward,WWH,1307,NULL,NULL,2013-06-20 0:36:51,2013-06-20 0:36:51,
518,4,mward,WWH,???,NULL,NULL,2013-06-20 0:36:51,2013-06-20 0:36:51,
519,4,mward,WWH,1006,NULL,NULL,2013-06-20 0:36:51,2013-06-20 0:36:51,
520,4,mward,WWH,1006,NULL,NULL,2013-06-20 0:36:51,2013-06-20 0:36:51,
521,4,mward,WWH,1006,NULL,NULL,2013-06-20 0:36:52,2013-06-20 0:36:52,
522,4,mward,WWH,1026,NULL,NULL,2013-06-20 0:36:52,2013-06-20 0:36:52,
523,4,palma,WWH,1022,NULL,NULL,2013-06-20 0:36:52,2013-06-20 0:36:52,
524,4,snt251,WWH,1018,NULL,NULL,2013-06-20 0:36:52,2013-06-20 0:36:52,
525,4,palma,WWH,826,NULL,NULL,2013-06-20 0:36:52,2013-06-20 0:36:52,
526,4,pm1782,WWH,601,NULL,NULL,2013-06-20 0:36:52,2013-06-20 0:36:52,
527,4,jar730,WWH,901,NULL,NULL,2013-06-20 0:36:52,2013-06-20 0:36:52,
528,4,jar730,WWH,901,NULL,NULL,2013-06-20 0:36:52,2013-06-20 0:36:52,
529,4,jar730,WWH,901,NULL,NULL,2013-06-20 0:36:52,2013-06-20 0:36:52,
530,4,jar730,WWH,901,NULL,NULL,2013-06-20 0:36:52,2013-06-20 0:36:52,
531,4,mward,WWH,619,NULL,NULL,2013-06-20 0:36:52,2013-06-20 0:36:52,
532,4,jar730,WWH,802,NULL,NULL,2013-06-20 0:36:52,2013-06-20 0:36:52,
533,4,palma,WWH,822,NULL,NULL,2013-06-20 0:36:52,2013-06-20 0:36:52,
534,4,palma,WWH,502,NULL,NULL,2013-06-20 0:36:52,2013-06-20 0:36:52,
535,4,mward,WWH,1001,NULL,NULL,2013-06-20 0:36:52,2013-06-20 0:36:52,
536,4,mward,WWH,1001,NULL,NULL,2013-06-20 0:36:52,2013-06-20 0:36:52,
537,4,mward,WWH,1001,NULL,NULL,2013-06-20 0:36:52,2013-06-20 0:36:52,
538,4,mward,WWH,1001,NULL,NULL,2013-06-20 0:36:52,2013-06-20 0:36:52,
539,4,mward,WWH,1001,NULL,NULL,2013-06-20 0:36:52,2013-06-20 0:36:52,
540,4,snt251,WWH,???,NULL,NULL,2013-06-20 0:36:52,2013-06-20 0:36:52,
541,4,snt251,WWH,???,NULL,NULL,2013-06-20 0:36:52,2013-06-20 0:36:52,
542,4,snt251,WWH,???,NULL,NULL,2013-06-20 0:36:52,2013-06-20 0:36:52,
543,4,mward,715BW,1005,NULL,NULL,2013-06-20 0:36:52,2013-06-20 0:36:52,
544,4,mward,WWH,1009,NULL,NULL,2013-06-20 0:36:52,2013-06-20 0:36:52,
545,4,pm1782,WWH,1109,NULL,NULL,2013-06-20 0:36:52,2013-06-20 0:36:52,
546,4,pm1782,WWH,1104,NULL,NULL,2013-06-20 0:36:52,2013-06-20 0:36:52,
547,5,nc771,WWH,229,NULL,NULL,2013-06-20 0:36:52,2013-06-20 0:36:52,
548,5,nc771,WWH,230,NULL,NULL,2013-06-20 0:36:52,2013-06-20 0:36:52,
549,5,mgg272,WWH,301,NULL,NULL,2013-06-20 0:36:52,2013-06-20 0:36:52,
550,5,nc771,WWH,302,NULL,NULL,2013-06-20 0:36:52,2013-06-20 0:36:52,
551,5,mes29,WWH,417,NULL,NULL,2013-06-20 0:36:52,2013-06-20 0:36:52,
552,5,nc771,WWH,304,NULL,NULL,2013-06-20 0:36:52,2013-06-20 0:36:52,
553,5,mrw273,WWH,305,NULL,NULL,2013-06-20 0:36:52,2013-06-20 0:36:52,
554,5,mrw273,WWH,306,NULL,NULL,2013-06-20 0:36:52,2013-06-20 0:36:52,
555,5,nc771,WWH,307,NULL,NULL,2013-06-20 0:36:53,2013-06-20 0:36:53,
556,5,nc771,WWH,309,NULL,NULL,2013-06-20 0:36:53,2013-06-20 0:36:53,
557,5,mrw273,WWH,319,NULL,NULL,2013-06-20 0:36:53,2013-06-20 0:36:53,
558,5,mrw273,WWH,321,NULL,NULL,2013-06-20 0:36:53,2013-06-20 0:36:53,
559,5,mrw273,WWH,322,NULL,NULL,2013-06-20 0:36:53,2013-06-20 0:36:53,
560,5,mrw273,WWH,323,NULL,NULL,2013-06-20 0:36:53,2013-06-20 0:36:53,
561,5,nc771,WWH,324,NULL,NULL,2013-06-20 0:36:53,2013-06-20 0:36:53,
562,5,mrw273,WWH,325,NULL,NULL,2013-06-20 0:36:53,2013-06-20 0:36:53,
563,5,nc771,WWH,327,NULL,NULL,2013-06-20 0:36:53,2013-06-20 0:36:53,
564,5,nc771,WWH,327,NULL,NULL,2013-06-20 0:36:53,2013-06-20 0:36:53,
565,5,mrw273,WWH,329,NULL,NULL,2013-06-20 0:36:53,2013-06-20 0:36:53,
566,5,mgg272,WWH,421,NULL,NULL,2013-06-20 0:36:53,2013-06-20 0:36:53,
567,5,importer,WWH,422,NULL,NULL,2013-06-20 0:36:53,2013-06-20 0:36:53,
568,5,mrw273,WWH,424,NULL,NULL,2013-06-20 0:36:53,2013-06-20 0:36:53,
569,5,nc771,WWH,426,NULL,NULL,2013-06-20 0:36:53,2013-06-20 0:36:53,
570,5,nc771,WWH,426,NULL,NULL,2013-06-20 0:36:53,2013-06-20 0:36:53,
571,5,mrw273,WWH,507,NULL,NULL,2013-06-20 0:36:53,2013-06-20 0:36:53,
572,5,nc771,WWH,515,NULL,NULL,2013-06-20 0:36:53,2013-06-20 0:36:53,
573,5,howell,WWH,703?,NULL,NULL,2013-06-20 0:36:53,2013-06-20 0:36:53,
574,5,mrw273,WWH,509,NULL,NULL,2013-06-20 0:36:53,2013-06-20 0:36:53,
575,5,mrw273,WWH,518,NULL,NULL,2013-06-20 0:36:53,2013-06-20 0:36:53,
576,5,mrw273,WWH,521,NULL,NULL,2013-06-20 0:36:53,2013-06-20 0:36:53,
577,5,mrw273,WWH,526,NULL,NULL,2013-06-20 0:36:53,2013-06-20 0:36:53,
578,5,mrw273,WWH,602,NULL,NULL,2013-06-20 0:36:53,2013-06-20 0:36:53,
579,5,mrw273,WWH,602,NULL,NULL,2013-06-20 0:36:53,2013-06-20 0:36:53,
580,5,howell,WWH,615,NULL,NULL,2013-06-20 0:36:53,2013-06-20 0:36:53,
581,5,mrw273,WWH,617,NULL,NULL,2013-06-20 0:36:53,2013-06-20 0:36:53,
582,5,mrw273,WWH,423,NULL,NULL,2013-06-20 0:36:53,2013-06-20 0:36:53,
583,5,???,WWH,626,NULL,NULL,2013-06-20 0:36:53,2013-06-20 0:36:53,
584,5,mrw273,WWH,628,NULL,NULL,2013-06-20 0:36:53,2013-06-20 0:36:53,
585,5,mrw273,WWH,701,NULL,NULL,2013-06-20 0:36:53,2013-06-20 0:36:53,
586,5,mrw273,WWH,704,NULL,NULL,2013-06-20 0:36:53,2013-06-20 0:36:53,
587,5,mrw273,WWH,705,NULL,NULL,2013-06-20 0:36:53,2013-06-20 0:36:53,
588,5,mrw273,WWH,706,NULL,NULL,2013-06-20 0:36:53,2013-06-20 0:36:53,
589,5,mrw273,WWH,712,NULL,NULL,2013-06-20 0:36:53,2013-06-20 0:36:53,
590,5,nc771,WWH,713,NULL,NULL,2013-06-20 0:36:53,2013-06-20 0:36:53,
591,5,nc771,WWH,715,NULL,NULL,2013-06-20 0:36:53,2013-06-20 0:36:53,
592,5,mrw273,WWH,716,NULL,NULL,2013-06-20 0:36:53,2013-06-20 0:36:53,
593,5,mrw273,WWH,721,NULL,NULL,2013-06-20 0:36:53,2013-06-20 0:36:53,
594,5,sc3104,WWH,723,NULL,NULL,2013-06-20 0:36:53,2013-06-20 0:36:53,
595,5,mrw273,WWH,724,NULL,NULL,2013-06-20 0:36:53,2013-06-20 0:36:53,
596,5,mrw273,WWH,726,NULL,NULL,2013-06-20 0:36:53,2013-06-20 0:36:53,
597,5,nc771,WWH,729,NULL,NULL,2013-06-20 0:36:54,2013-06-20 0:36:54,
598,5,tdw236,WWH,800,NULL,NULL,2013-06-20 0:36:54,2013-06-20 0:36:54,
599,5,bsa247,WWH,904,NULL,NULL,2013-06-20 0:36:54,2013-06-20 0:36:54,
600,5,tdw236,WWH,806,NULL,NULL,2013-06-20 0:36:54,2013-06-20 0:36:54,
601,5,mgg272,WWH,823,NULL,NULL,2013-06-20 0:36:54,2013-06-20 0:36:54,
602,5,mes29,WWH,823,NULL,NULL,2013-06-20 0:36:54,2013-06-20 0:36:54,
603,5,mes29,WWH,724,NULL,NULL,2013-06-20 0:36:54,2013-06-20 0:36:54,
604,5,mrw273,WWH,829,NULL,NULL,2013-06-20 0:36:54,2013-06-20 0:36:54,
605,5,tdw236,WWH,915,NULL,NULL,2013-06-20 0:36:54,2013-06-20 0:36:54,
606,5,tdw236,WWH,915,NULL,NULL,2013-06-20 0:36:54,2013-06-20 0:36:54,
607,5,nc771,WWH,1000,NULL,NULL,2013-06-20 0:36:54,2013-06-20 0:36:54,
608,5,nc771,WWH,1000,NULL,NULL,2013-06-20 0:36:54,2013-06-20 0:36:54,
609,5,mrw273,WWH,1009,NULL,NULL,2013-06-20 0:36:54,2013-06-20 0:36:54,
610,5,mrw273,WWH,1012,NULL,NULL,2013-06-20 0:36:54,2013-06-20 0:36:54,
611,5,mrw273,WWH,1028,NULL,NULL,2013-06-20 0:36:54,2013-06-20 0:36:54,
612,5,mrw273,WWH,1100,NULL,NULL,2013-06-20 0:36:54,2013-06-20 0:36:54,
613,5,mrw273,WWH,1103,NULL,NULL,2013-06-20 0:36:54,2013-06-20 0:36:54,
614,5,tdw236,WWH,1115,NULL,NULL,2013-06-20 0:36:54,2013-06-20 0:36:54,
615,5,tdw236,WWH,1115,NULL,NULL,2013-06-20 0:36:54,2013-06-20 0:36:54,
616,5,mrw273,WWH,1120,NULL,NULL,2013-06-20 0:36:54,2013-06-20 0:36:54,
617,5,mrw273,WWH,1124,NULL,NULL,2013-06-20 0:36:54,2013-06-20 0:36:54,
618,5,mrw273,WWH,1128,NULL,NULL,2013-06-20 0:36:54,2013-06-20 0:36:54,
619,5,mrw273,WWH,1129,NULL,NULL,2013-06-20 0:36:54,2013-06-20 0:36:54,
620,5,mrw273,WWH,1130,NULL,NULL,2013-06-20 0:36:54,2013-06-20 0:36:54,
621,5,tdw236,WWH,1105,NULL,NULL,2013-06-20 0:36:54,2013-06-20 0:36:54,
622,5,rer264,WWH,1308,NULL,NULL,2013-06-20 0:36:54,2013-06-20 0:36:54,
623,5,howell,WWH,1312,NULL,NULL,2013-06-20 0:36:54,2013-06-20 0:36:54,
624,5,sc3104,WWH,104,NULL,NULL,2013-06-20 0:36:54,2013-06-20 0:36:54,
625,5,mes29,WWH,526,NULL,NULL,2013-06-20 0:36:54,2013-06-20 0:36:54,
626,5,mes29,WWH,1024,NULL,NULL,2013-06-20 0:36:54,2013-06-20 0:36:54,
627,5,palma,WWH,606,NULL,NULL,2013-06-20 0:36:54,2013-06-20 0:36:54,
628,5,tdw236,719BW,7th floor,NULL,NULL,2013-06-20 0:36:54,2013-06-20 0:36:54,
629,5,tdw236,715BW,7th floor,NULL,NULL,2013-06-20 0:36:54,2013-06-20 0:36:54,
630,5,tdw236,715BW,10th Floor,NULL,NULL,2013-06-20 0:36:54,2013-06-20 0:36:54,
631,5,tdw236,715BW,10th Floor,NULL,NULL,2013-06-20 0:36:54,2013-06-20 0:36:54,
632,5,tdw236,715BW,12th floor,NULL,NULL,2013-06-20 0:36:54,2013-06-20 0:36:54,
633,5,tdw236,715BW,12th floor,NULL,NULL,2013-06-20 0:36:54,2013-06-20 0:36:54,
634,5,tdw236,715BW,12th floor,NULL,NULL,2013-06-20 0:36:55,2013-06-20 0:36:55,
635,5,jar730,WWH,800,NULL,NULL,2013-06-20 0:36:55,2013-06-20 0:36:55,
636,5,tdw236,WWH,1105,NULL,NULL,2013-06-20 0:36:55,2013-06-20 0:36:55,
637,5,howell,WWH,1312,NULL,NULL,2013-06-20 0:36:55,2013-06-20 0:36:55,
638,5,jar730,WWH,627,NULL,NULL,2013-06-20 0:36:55,2013-06-20 0:36:55,
639,5,bsa247,WWH,807,NULL,NULL,2013-06-20 0:36:55,2013-06-20 0:36:55,
640,5,palma,WWH,601,NULL,NULL,2013-06-20 0:36:55,2013-06-20 0:36:55,
641,5,jar730,WWH,623,NULL,NULL,2013-06-20 0:36:55,2013-06-20 0:36:55,
642,5,bsa247,WWH,824,NULL,NULL,2013-06-20 0:36:55,2013-06-20 0:36:55,
643,5,bsa247,WWH,827,NULL,NULL,2013-06-20 0:36:55,2013-06-20 0:36:55,
644,5,jar730,WWH,818,NULL,NULL,2013-06-20 0:36:55,2013-06-20 0:36:55,
645,5,palma,WWH,820,NULL,NULL,2013-06-20 0:36:55,2013-06-20 0:36:55,
646,5,mward,WWH,???,NULL,NULL,2013-06-20 0:36:55,2013-06-20 0:36:55,
647,5,mward,WWH,???,NULL,NULL,2013-06-20 0:36:55,2013-06-20 0:36:55,
648,5,mward,WWH,1026,NULL,NULL,2013-06-20 0:36:55,2013-06-20 0:36:55,
649,5,mward,WWH,1026,NULL,NULL,2013-06-20 0:36:55,2013-06-20 0:36:55,
650,5,mward,WWH,1026,NULL,NULL,2013-06-20 0:36:55,2013-06-20 0:36:55,
651,5,mward,WWH,826,NULL,NULL,2013-06-20 0:36:55,2013-06-20 0:36:55,
652,5,palma,WWH,822,NULL,NULL,2013-06-20 0:36:55,2013-06-20 0:36:55,
653,5,mward,WWH,1006,NULL,NULL,2013-06-20 0:36:55,2013-06-20 0:36:55,
654,7,mward,WWH,102,NULL,NULL,2013-06-20 0:36:55,2013-06-20 0:36:55,
655,7,importer,WWH,109,NULL,NULL,2013-06-20 0:36:55,2013-06-20 0:36:55,
656,7,importer,WWH,202,NULL,NULL,2013-06-20 0:36:55,2013-06-20 0:36:55,
657,7,importer,WWH,230,NULL,NULL,2013-06-20 0:36:55,2013-06-20 0:36:55,
658,7,importer,WWH,512,NULL,NULL,2013-06-20 0:36:55,2013-06-20 0:36:55,
659,7,importer,WWH,517,NULL,NULL,2013-06-20 0:36:55,2013-06-20 0:36:55,
660,7,bsa247,WWH,1302,NULL,NULL,2013-06-20 0:36:55,2013-06-20 0:36:55,
661,7,tsadok,WWH,201,NULL,NULL,2013-06-20 0:36:55,2013-06-20 0:36:55,
662,7,mward,WWH,(Spare) 415,NULL,NULL,2013-06-20 0:36:55,2013-06-20 0:36:55,
663,7,mward,WWH,101,NULL,NULL,2013-06-20 0:36:55,2013-06-20 0:36:55,
664,7,mward,WWH,317,NULL,NULL,2013-06-20 0:36:55,2013-06-20 0:36:55,
665,7,mward,WWH,(Spare) 415,NULL,NULL,2013-06-20 0:36:55,2013-06-20 0:36:55,
666,7,mward,WWH,(Spare) 415,NULL,NULL,2013-06-20 0:36:55,2013-06-20 0:36:55,
667,7,mward,WWH,(Spare) 415,NULL,NULL,2013-06-20 0:36:55,2013-06-20 0:36:55,
668,7,mward,WWH,(Spare) 415,NULL,NULL,2013-06-20 0:36:55,2013-06-20 0:36:55,
669,7,mward,719BW,1221,NULL,NULL,2013-06-20 0:36:55,2013-06-20 0:36:55,
670,7,mward,WWH,709,NULL,NULL,2013-06-20 0:36:55,2013-06-20 0:36:55,
671,7,mward,715BW,1203,NULL,NULL,2013-06-20 0:36:55,2013-06-20 0:36:55,
672,7,mward,WWH,412,NULL,NULL,2013-06-20 0:36:55,2013-06-20 0:36:55,
673,7,mward,WWH,705,NULL,NULL,2013-06-20 0:36:55,2013-06-20 0:36:55,
674,7,mward,WWH,605,NULL,NULL,2013-06-20 0:36:55,2013-06-20 0:36:55,
675,7,mward,715BW,1003,NULL,NULL,2013-06-20 0:36:55,2013-06-20 0:36:55,
676,7,mward,WWH,805,NULL,NULL,2013-06-20 0:36:55,2013-06-20 0:36:55,
677,7,mward,WWH,905,NULL,NULL,2013-06-20 0:36:55,2013-06-20 0:36:55,
678,7,mward,WWH,312,NULL,NULL,2013-06-20 0:36:55,2013-06-20 0:36:55,
679,7,mward,WWH,1314,NULL,NULL,2013-06-20 0:36:55,2013-06-20 0:36:55,
680,8,tdw236,NULL,NULL,NULL,NULL,2013-06-20 0:36:55,2013-06-20 0:36:55,
681,9,jar730,NULL,NULL,NULL,NULL,2013-06-20 0:36:55,2013-06-20 0:36:55,
682,9,acase,NULL,NULL,NULL,NULL,2013-06-20 0:36:55,2013-06-20 0:36:55,
683,9,tdw236,NULL,NULL,NULL,NULL,2013-06-20 0:36:55,2013-06-20 0:36:55,
684,9,dave,NULL,NULL,NULL,NULL,2013-06-20 0:36:55,2013-06-20 0:36:55,
685,9,jar730,NULL,NULL,NULL,NULL,2013-06-20 0:36:55,2013-06-20 0:36:55,
686,9,bsa247,NULL,NULL,NULL,NULL,2013-06-20 0:36:55,2013-06-20 0:36:55,
687,9,palma,NULL,NULL,NULL,NULL,2013-06-20 0:36:55,2013-06-20 0:36:55,
688,9,Nikita,NULL,NULL,NULL,NULL,2013-06-20 0:36:55,2013-06-20 0:36:55,
689,9,kp1120,NULL,NULL,NULL,NULL,2013-06-20 0:36:55,2013-06-20 0:36:55,
690,9,bsa247,NULL,NULL,NULL,NULL,2013-06-20 0:36:55,2013-06-20 0:36:55,
691,9,acase,NULL,NULL,NULL,NULL,2013-06-20 0:36:55,2013-06-20 0:36:55,
692,10,mward,NULL,NULL,NULL,NULL,2013-06-20 0:36:55,2013-06-20 0:36:55,
693,10,mes29,NULL,NULL,NULL,NULL,2013-06-20 0:36:55,2013-06-20 0:36:55,
694,10,mward,NULL,NULL,NULL,NULL,2013-06-20 0:36:55,2013-06-20 0:36:55,
695,10,jar730,NULL,NULL,NULL,NULL,2013-06-20 0:36:55,2013-06-20 0:36:55,
696,10,aab559,NULL,NULL,NULL,NULL,2013-06-20 0:36:55,2013-06-20 0:36:55,
697,10,mward,NULL,NULL,NULL,NULL,2013-06-20 0:36:55,2013-06-20 0:36:55,
698,10,jar730,NULL,NULL,NULL,NULL,2013-06-20 0:36:55,2013-06-20 0:36:55,
699,10,mward,NULL,NULL,NULL,NULL,2013-06-20 0:36:56,2013-06-20 0:36:56,
700,11,kp1120,NULL,NULL,NULL,NULL,2013-06-20 0:36:56,2013-06-20 0:36:56,
701,12,tdw236,NULL,NULL,NULL,NULL,2013-06-20 0:36:56,2013-06-20 0:36:56,
702,13,dave,NULL,NULL,NULL,NULL,2013-06-20 0:36:56,2013-06-20 0:36:56,
703,13,tdw236,NULL,NULL,NULL,NULL,2013-06-20 0:36:56,2013-06-20 0:36:56,
704,14,importer,WWH,606,NULL,NULL,2013-06-20 0:36:56,2013-06-20 0:36:56,
705,14,tsadok,WWH,1015,NULL,NULL,2013-06-20 0:36:56,2013-06-20 0:36:56,
706,14,tsadok,WWH,1015,NULL,NULL,2013-06-20 0:36:56,2013-06-20 0:36:56,
707,14,importer,WWH,1015,NULL,NULL,2013-06-20 0:36:56,2013-06-20 0:36:56,
708,14,importer,WWH,1015,NULL,NULL,2013-06-20 0:36:56,2013-06-20 0:36:56,
709,14,importer,WWH,1306,NULL,NULL,2013-06-20 0:36:56,2013-06-20 0:36:56,
710,14,bsa247,WWH,1015,NULL,NULL,2013-06-20 0:36:56,2013-06-20 0:36:56,
711,14,bsa247,WWH,1015,NULL,NULL,2013-06-20 0:36:56,2013-06-20 0:36:56,
712,14,howell,WWH,1124,NULL,NULL,2013-06-20 0:36:56,2013-06-20 0:36:56,
713,14,bsa247,WWH,804,NULL,NULL,2013-06-20 0:36:56,2013-06-20 0:36:56,
714,14,bsa247,WWH,1015,NULL,NULL,2013-06-20 0:36:56,2013-06-20 0:36:56,
715,14,am4993,WWH,1015,NULL,NULL,2013-06-20 0:36:56,2013-06-20 0:36:56,
716,14,bsa247,WWH,7th floor,NULL,NULL,2013-06-20 0:36:56,2013-06-20 0:36:56,
717,15,sc3104,NULL,NULL,NULL,NULL,2013-06-20 0:36:56,2013-06-20 0:36:56,
718,16,kp1120,NULL,NULL,NULL,NULL,2013-06-20 0:36:56,2013-06-20 0:36:56,